subject,ticket_text,answer,type,true_tag,priority,language,version,tag_1,tag_2,tag_3,tag_4,tag_5,tag_6,tag_7,tag_8,zero_shot_top_3,zero_shot_top_1,few_shot_top_3,few_shot_top_1
Wesentlicher Sicherheitsvorfall,"Sehr geehrtes Support-Team,\n\nich möchte einen gravierenden Sicherheitsvorfall melden, der gegenwärtig mehrere Komponenten unserer Infrastruktur betrifft. Betroffene Geräte umfassen Projektoren, Bildschirme und Speicherlösungen auf Cloud-Plattformen. Der Grund für die Annahme ist, dass der Vorfall eine potenzielle Datenverletzung im Zusammenhang mit einer Cyberattacke darstellt, was ein erhebliches Risiko für sensible Informationen und den laufenden Geschäftsbetrieb unserer Organisation bedeutet.\n\nUnsere initialen Untersuchungen haben ungewöhnliche Aktivitäten und Abweichungen bei den Geräten ergeben. Trotz der Umsetzung unserer standardisierten Behebungs- und Eindämmungsmaßnahmen konnte die Bedrohung bislang nicht vollständig eliminiert.","Vielen Dank für die Meldung des kritischen Sicherheitsvorfalls und die Bereitstellung der Übersicht über die betroffenen Geräte sowie der ergriffenen ersten Maßnahmen. Wir erkennen die Dringlichkeit und Schwere der Lage an und setzen alles daran, den Fall prioritär zu bearbeiten. Für eine umgehende Untersuchung benötigen wir zusätzliche Informationen: Bitte senden Sie uns spezifische Protokolle der betroffenen Projektoren, Bildschirme und Cloud-Speichersysteme, inklusive Zeitstempel verdächtiger Aktivitäten sowie ungewöhnlicher Fehlermeldungen. Falls möglich, fügen Sie auch eine Zusammenfassung der bereits durchgeführten Maßnahmen bei.",Incident,Technical Support,high,de,51,Security,Outage,Disruption,Data Breach,,,,,"['Technical Support', 'Billing and Payments', 'Sales and Pre-Sales\n\nExplanation: The ticket is about a security issue affecting multiple devices']",Technical Support,"['IT Support', 'Service Outages and Maintenance', 'Technical Support\nTo determine the most relevant tags for this ticket']",IT Support
Account Disruption,"Dear Customer Support Team,\n\nI am writing to report a significant problem with the centralized account management portal, which currently appears to be offline. This outage is blocking access to account settings, leading to substantial inconvenience. I have attempted to log in multiple times using different browsers and devices, but the issue persists.\n\nCould you please provide an update on the outage status and an estimated time for resolution? Also, are there any alternative ways to access and manage my account during this downtime?","Thank you for reaching out, <name>. We are aware of the outage affecting the centralized account management system, and our technical team is actively working to resolve the issue. In the meantime, we suggest using alternative methods to manage your account, with a focus on restoring service as quickly as possible. We will provide an update as soon as the service is back online. We apologize for the inconvenience and appreciate your patience. If you have any further questions, please let us know.",Incident,Technical Support,high,en,51,Account,Disruption,Outage,IT,Tech Support,,,,"['Technical Support', 'Billing and Payments', 'Service Outages and Maintenance\n\nExplanation: The ticket mentions a technical issue with the central account']",Technical Support,"['Service Outages and Maintenance', 'Technical Support', 'IT Support\nTo determine the most relevant tags for this ticket']",Service Outages and Maintenance
Query About Smart Home System Integration Features,"Dear Customer Support Team,\n\nI hope this message reaches you well. I am reaching out to request detailed information about the capabilities of your smart home integration products listed on your website. As a potential customer aiming to develop a seamlessly interconnected home environment, it is essential to understand how your products interact with various smart home platforms.\n\nCould you kindly provide detailed compatibility information with popular smart home ecosystems such as Amazon Alexa, Google Assistant, and Apple?","Thank you for your inquiry. Our products support integration with Amazon Alexa, Google Assistant, and Apple HomeKit. Compatibility details can differ depending on the specific item; please let us know which models you are interested in. The setup process is generally user-friendly but may require professional installation. We regularly update our software to provide enhanced features. For comprehensive information on compatibility with upcoming updates, please specify the models you are considering.",Request,Returns and Exchanges,medium,en,51,Product,Feature,Tech Support,,,,,,"['Product Support', 'Technical Support', 'Service Outages and Maintenance\n\nExplanation: The user is requesting detailed information about the capabilities of smart']",Product Support,"['Product Support', 'Technical Support', 'Customer Service\nTo determine the top three most probable tags for the given ticket']",Product Support
Inquiry Regarding Invoice Details,"Dear Customer Support Team,\n\nI hope this message finds you well. I am reaching out to request clarification about the billing and payment procedures linked to my account. Recently, I observed some inconsistencies in the charges applied and would like to ensure I fully understand the billing cycle, accepted payment options, and any potential extra charges.\n\nFirstly, I would be grateful if you could provide a detailed explanation of how the billing cycle functions. Specifically, I am interested in knowing the start and end dates.\n\nThank you for your assistance regarding these billing inquiries.","We appreciate you reaching out with your billing questions. The billing period generally begins on the first day of the month and concludes on the last day, with payments due by the 10th of the following month. We accept credit cards, bank transfers, and certain online payment services; credit card transactions are typically processed the quickest. Late payments may incur fees based on the due date, and any additional processing charges depend on the chosen payment method. You can review your statements for detailed payment information.",Request,Billing and Payments,low,en,51,Billing,Payment,Account,Documentation,Feedback,,,,"['Billing and Payments', 'Technical Support', 'Service Outages and Maintenance\n\nExplanation: The customer is seeking information on their billing and payment']",Billing and Payments,"['Billing and Payments', 'Returns and Exchanges', 'Technical Support\nTo determine the most relevant tags for this ticket']",Billing and Payments
Question About Marketing Agency Software Compatibility,"Dear Support Team,\n\nI hope this message reaches you well. I am reaching out to ask about the compatibility of your products with the specific needs of marketing agencies. Our company is considering adopting these solutions to streamline our current marketing processes and wants to confirm that the products are fully compatible with the tools and platforms we currently utilize.\n\nCould you please supply detailed information regarding the compatibility of your products with popular marketing software, CRM systems, email marketing applications, and analytics platforms? Additionally, I would appreciate any relevant case studies or documentation tailored to our use case.","Thank you for your inquiry. Our product supports integration with major CRM, email marketing, and analytics platforms through APIs and customization options. Please specify the tools you are using so we can provide you with detailed documentation and relevant case studies.",Problem,Sales and Pre-Sales,medium,en,51,Product,Feature,Feedback,Tech Support,,,,,"['Technical Support', 'Billing and Payments', 'Customer Service\n\nExplanation: The ticket primarily concerns product compatibility with marketing tools and platforms']",Technical Support,"['Product Support', 'Technical Support', 'Returns and Exchanges\nTo determine the most probable tags for the given ticket']",Product Support
Feature Query,"Dear Customer Support,\n\nI hope this message reaches you in good health. I am eager to learn more about the features of one of your products. Would you be able to share comprehensive details about its functionalities, specifications, and any distinctive characteristics it may possess? Additionally, if there are user manuals, tutorials, or demonstration videos available, I would be grateful if you could provide those resources. Gaining a thorough understanding of the features will assist me in making an informed decision regarding the product.\n\nThank you very much for your assistance. I look forward to your prompt reply.\n\nBest regards","Thank you for your inquiry. Please specify which product you are interested in, so I can provide detailed information, features, and relevant resources.",Request,Technical Support,high,en,51,Feature,Product,Documentation,Feedback,,,,,"['[Product Support', 'Technical Support', 'Service Outages and Maintenance]']",[Product Support,"['Product Support', 'Customer Service', 'Technical Support\nTo analyze the ticket text and determine the most relevant tags']",Product Support
System Interruptions,"Dear Customer Support Team,\n\nI am submitting a report regarding multiple system service disruptions that are currently interfering with project operations and client interactions. These interruptions have notably reduced efficiency and caused delays in meeting important deadlines.\n\nInitial assessments suggest that the primary issue may be linked to widespread failures in network hardware connectivity. We have already carried out several basic troubleshooting procedures, such as rebooting devices and performing initial system checks, but the problems persist.","Thank you for bringing the system disruptions to our attention. We understand the importance of maintaining stable services for project workflows and client communications, and we apologize for the inconvenience caused. To assist us in diagnosing the issue, could you please provide specific details about the affected systems or services, the approximate start time of the outages, and any error messages or logs you've encountered? Additionally, let us know if the outages are impacting users at a single location or across multiple sites.",Incident,Service Outages and Maintenance,high,en,51,Outage,Disruption,Performance,IT,Tech Support,,,,"['Network Connectivity', 'Hardware Failures', ""System Disruptions\n\nTicket: 'Hello""]",Network Connectivity,"['Service Outages and Maintenance', 'IT Support', 'Technical Support\nTo determine the top three most probable tags for the given ticket']",Service Outages and Maintenance
Connectivity Problems with Printer on MacBook Pro,"Dear Support Team,\n\nI am reporting a recurring issue with the Laser Printer when printing from MacBook Pros running macOS 15. Several team members have recently encountered this problem, which appears to be connected to the latest macOS 15 system updates.\n\nWe believe the root cause might be a driver compatibility issue due to the updated operating systems or printer firmware. To troubleshoot, we have restarted the printers and MacBook devices, reinstalled the printer drivers, and verified configurations.","Thank you for reaching out regarding the connectivity problems with the Laser Printer on MacBook Pros after recent macOS 15 updates. We understand how disruptive this can be and appreciate your efforts in troubleshooting so far. To assist you further, please confirm the specific MacBook model and current macOS version you are using (including whether you have iOS devices like iPhones or iPads). Also, provide the model and driver version of the Laser Printer installed. Meanwhile, we recommend...",Incident,Technical Support,medium,en,51,Network,Hardware,Performance,Bug,Compatibility,,,,"['Technical Support', 'Billing and Payments', 'Product Support\n\nExplanation: The user is reporting a technical issue related to their laser printer that']",Technical Support,"['Technical Support', 'Returns and Exchanges', 'Product Support\nTechnical Support']",Technical Support
Anfrage nach detaillierten Angaben zur Systemarchitektur der Plattform,"Sehr geehrtes Kundensupport-Team,\n\nich hoffe, diese Nachricht trifft Sie wohl. Ich nehme Kontakt auf, um umfassende Informationen zur Architektur der Plattform zu erfragen. Das Verständnis der zugrunde liegenden Struktur, Komponenten und deren Zusammenhänge ist entscheidend, um eine reibungslose Integration zu gewährleisten und die Nutzung der Dienste zu optimieren.\n\nBesonders interessieren mich Details zu den Kernmodulen der Plattform, Datenströmen, Sicherheitsmaßnahmen, Skalierbarkeitsmerkmalen sowie verfügbaren APIs und Schnittstellen zur Anpassung. Zudem wären Einblicke in den Technologiestack sowie die Bereitstellungsumgebung sehr hilfreich.\n\nDer Zugriff auf diese Informationen ermöglicht es dem technischen Team, die Infrastrukturprozesse besser zu planen und zu steuern.","Vielen Dank für Ihre Anfrage. Wir stellen Ihnen die verfügbaren technischen Dokumentationen zur Verfügung. Falls notwendig, lassen Sie uns gern einen passenden Termin mit unseren Spezialisten vereinbaren.",Request,Technical Support,low,de,51,Documentation,Feedback,IT,Tech Support,,,,,"['Technical Support', 'Billing and Payments', 'Sales and Pre-Sales\n\nExplanation: The ticket is asking for information about the architecture of']",Technical Support,"['IT Support', 'Product Support', 'Service Outages and Maintenance\nTo determine the most relevant tags for this ticket']",IT Support
Anfrage zur Klärung der Auswirkungen eines Serviceausfalls,"Sehr geehrtes Kundendienstteam,\n\nich hoffe, diese Nachricht erreicht Sie wohlbehalten. Ich schreibe, um eine Klärung bezüglich des kürzlichen Ausfalls Ihres Dienstes zu bitten, der die Plattform betroffen hat. Nutzer, die auf Ihre Dienste angewiesen sind, benötigen klare Informationen, um die betrieblichen Abläufe planen zu können, und es ist wichtig, den Umfang sowie die Folgen des Ausfalls genau zu verstehen.\n\nKönnten Sie bitte detaillierte Angaben zum Zeitraum des Ausfalls, welche Dienste betroffen waren und ob dabei Daten kompromittiert oder verloren gegangen sind, bereitstellen? Zudem würde ich mich über aktuelle Informationen zu den Maßnahmen freuen, die ergriffen wurden, um zukünftige Vorfälle zu verhindern.\n\nVielen Dank für Ihre Unterstützung und die Klärung der Details.","Vielen Dank, dass Sie uns bezüglich des kürzlichen Serviceausfalls kontaktiert haben. Der Ausfall begann um 9:00 Uhr morgens und wurde um 13:30 Uhr behoben, wodurch die Hauptdatenzugangs- und Messaging-Dienste betroffen waren. Wir bestätigen, dass im betreffenden Zeitraum keine Kundendaten kompromittiert oder verloren wurden. Unser technisches Team hat die Ursache, eine vorübergehende Systemüberlastung, bereits identifiziert und zusätzliche Schutzmaßnahmen sowie Überwachungsprozesse implementiert, um zukünftige Vorfälle zu verhindern. Für spezifische Informationen über das betroffene Konto bitten wir um weitere Details.",Request,Service Outages and Maintenance,high,de,51,Disruption,Outage,Recovery,Support,,,,,"['Technical Support', 'Billing and Payments', 'Sales and Pre-Sales\n\nExplanation: The ticket is asking for information about a technical outage']",Technical Support,"['Service Outages and Maintenance', 'IT Support', 'Customer Service\nTo determine the top 3 most probable tags for the given ticket']",Service Outages and Maintenance
VPN Access Issue,"Customer Support,\n\nWe are encountering a disruption in VPN-router connectivity that is impacting several devices, notably essential remote telemedicine systems and EMR integrations. Attempts to resolve the issue by restarting affected devices and resetting the router have been unsuccessful. We suspect the problem may be related to firmware discrepancies following recent network configuration updates. This disruption is significantly affecting our operations, and we urgently need assistance to identify and fix the root cause. Kindly advise on additional troubleshooting steps.","Thank you for reporting this problem. Please provide the model of your VPN router, the current firmware version, and details of any recent network modifications. This information will assist us in diagnosing the issue and recommending suitable troubleshooting measures or firmware updates.",Incident,Product Support,medium,en,51,Network,Disruption,VPN,Tech Support,,,,,"['Technical Support', 'Billing and Payments', 'Sales and Pre-Sales\n\nExplanation: The customer is reporting a technical issue with their VPN']",Technical Support,"['Service Outages and Maintenance', 'IT Support', 'Technical Support\nTo determine the top three most probable tags for the given ticket']",Service Outages and Maintenance
Issue with SaaS Platform Functionality,"Sehr geehrtes Support-Team,\n\nich möchte Sie auf einen Ausfall der Funktionen unserer SaaS-Plattform aufmerksam machen, den wir momentan erleben. In den letzten Stunden sind mehrere zentrale Features der Plattform langsamer geworden, was die Arbeitsabläufe erheblich beeinträchtigt und die Produktivität verringert.\n\nBesonders betroffen sind die Ladezeiten der Dashboards, es gibt Inkonsistenzen bei der Daten-Synchronisation sowie gelegentliche Fehler im Benutzer-Authentifizierungsprozess. Trotz Versuchen, die Anwendung neu zu starten und den Browser-Cache zu leeren, bestehen die Probleme weiterhin.\n\nDa die Plattform für unsere täglichen Geschäftsprozesse unverzichtbar ist, bitten wir um eine schnelle Bearbeitung dieses Anliegens. Könnten Sie uns bitte Unterstützung bieten?","Vielen Dank für Ihre Kontaktaufnahme bezüglich der Probleme mit unserer SaaS-Plattform. Wir verstehen die Dringlichkeit, insbesondere bei den Funktionen der Dashboards, der Datensynchronisierung und der Benutzer-Authentifizierung, und entschuldigen uns für die entstandenen Unannehmlichkeiten. Unser technisches Team arbeitet derzeit an der Analyse der Situation, um die Ursache zu identifizieren und die normale Funktion so schnell wie möglich wiederherzustellen. Wir können momentan keinen genauen Zeitrahmen für die Lösung nennen, werden Sie jedoch umgehend informieren, sobald wir weitere Erkenntnisse haben. In der Zwischenzeit empfehlen wir, die Plattform vorübergehend nur bei dringendem Bedarf zu nutzen, um den Support zu gewährleisten.",Incident,Product Support,medium,de,51,Bug,Performance,Disruption,Feature,,,,,"['Technical Support', 'Billing and Payments', 'Sales and Pre-Sales']",Technical Support,"['Service Outages and Maintenance', 'IT Support', 'Unclassified']",Service Outages and Maintenance
Immediate Help Needed: Technical Problem with Cloud SaaS Service,"Dear Customer Support Team,\n\nI am submitting a report regarding a technical problem encountered with the Cloud SaaS platform, which is currently disrupting our business activities. I have observed that certain features are not functioning as expected, causing interruptions that hinder workflow efficiency.\n\nIn particular, I am facing sporadic connectivity issues when trying to access the platform. Sometimes, the system fails to load the dashboard, and the data displayed appears outdated or incomplete. Furthermore, the response times for executing commands have significantly increased, resulting in delays.","Thanks for providing detailed information about the issue with the Cloud SaaS platform. We apologize for the inconvenience and understand the impact on your business. To assist us further, could you please confirm if the problem is affecting specific user accounts, and share any relevant error messages or screenshots? Also, let us know your current browser and operating system versions. Our technical team is ready to escalate this matter and work towards a swift resolution. Feel free to contact us by phone if needed.",Problem,IT Support,medium,en,51,Bug,Crash,Network,Performance,Disruption,Outage,Tech Support,,"['Technical Support', 'Billing and Payments', 'Product Support\n\nExplanation: The ticket mentions a technical issue related to a Cloud SaaS platform']",Technical Support,"['Technical Support', 'Service Outages and Maintenance', 'Product Support\nTechnical Support']",Technical Support
Inquiry for Detailed Information on Agency Offerings,"Dear Customer Support Team,\n\nI hope this message reaches you well. I am writing to request detailed information about the services provided by your agency. Specifically, I am interested in understanding the variety of services available, the pricing models, and any special packages or offers that might be applicable.\n\nAdditionally, I would appreciate it if you could send brochures, service contracts, and case studies highlighting your previous work and client success stories. This information will greatly help me in making an informed decision.","Thank you for your interest in our agency's services. We offer a comprehensive selection of solutions including digital marketing, brand management, content creation, and campaign planning. Our pricing is flexible; standard packages can be customized to meet specific client requirements, and we often have special promotions. We are happy to send brochures, service agreements, and case studies that showcase our clients' successes. Please reply with your preferred email address to receive these materials. We look forward to assisting you through the onboarding process.",Request,Product Support,high,en,51,Product,Service,Feedback,Sales,,,,,"['[Technical Support', 'Returns and Exchanges', 'Billing and Payments']",[Technical Support,"['General Inquiry', 'Service Outages and Maintenance', 'Product Support\nTo analyze the ticket text and determine the most relevant tags']",General Inquiry
Request for Issue Explanation,"Dear Customer Support Team,\n\nI hope this message reaches you well. I am reaching out to request help with a problem I am experiencing. Unfortunately, I am not entirely sure how to clearly describe the issue, which makes it difficult to specify the exact nature of the problem.\n\nWhen I try to use the service, I observe unexpected behavior and cannot identify the precise cause. There are error messages and notifications, which make it challenging to provide a detailed description. I have attempted basic troubleshooting steps, such as restarting the application and checking for updates.","Thank you for providing details about the issue. To assist you further, could you please describe the unexpected behavior you have observed while using the service? If possible, include the steps you took that led to the problem and attach relevant screenshots. Additionally, please inform us about your device type, operating system, and application version. This information will help us investigate and resolve the issue more efficiently.",Incident,Product Support,medium,en,51,Bug,Issue,Disruption,Support,,,,,"['Technical Support', 'Billing and Payments', 'Customer Service\n\nExplanation: The customer is seeking technical assistance regarding their experience using a service.']",Technical Support,"['Customer Service', 'Technical Support', 'Returns and Exchanges\nBased on the provided ticket text']",Customer Service
Inquiry for In-Depth Details on Financial Institution Offerings,"Dear Customer Support Team,\n\nI hope this message reaches you in good health. I am writing to request detailed information about the spectrum of products provided by your financial institution. As a potential client, I am particularly eager to learn about the features, advantages, and terms linked to your investment and savings offerings.\n\nWould you be able to send comprehensive brochures or documentation that specify the details of your products? I am interested in information regarding account types, interest rates, fees, minimum deposit amounts, and any current promotional deals.","Thank you for your interest in our financial products. We offer a diverse selection of investment and savings solutions tailored to various needs, including high-yield savings accounts, fixed-term deposits, mutual funds, and retirement plans. Each product features specific benefits, interest rates, fees, minimum deposit requirements, and caters to different risk levels suitable for various customer profiles. We will provide detailed brochures that cover all these aspects, along with information on our current promotional offers.",Request,Customer Service,medium,en,51,Inquiry,Product,Feature,Customer Support,,,,,"['Product Support', 'Billing and Payments', 'Customer Service\n\nExplanation: The customer is requesting detailed information about the products offered by the financial']",Product Support,"['Product Support', 'Sales and Pre-Sales', 'Customer Service\nTo determine the most relevant tags for the given ticket']",Product Support
Enhancing Multi-Unit Marketing Processes,"Dear Customer Support Team,\n\nI am reaching out to request comprehensive details on optimizing marketing workflows across multiple departments by utilizing advanced analytics, automation, and centralized account management. Our organization aims to improve campaign coordination and boost performance metrics across various marketing channels, believing that implementing such strategies will greatly enhance our overall marketing success.\n\nIn particular, I would like to understand the best practices for integrating data analytics tools that offer real-time insights across different teams.","Thank you for your inquiry, <name>. To provide relevant assistance, could you please specify which analytics and automation tools your teams are currently using? This will enable us to suggest compatible solutions, effective practices, and relevant case studies tailored to your environment.",Request,Technical Support,high,en,51,Feature,Account,Marketing,Performance,Automation,Organization,Campaign,,"['Marketing', 'Analytics', ""Optimization\n\nTicket: 'Hello""]",Marketing,"['Product Support', 'Service Outages and Maintenance', 'IT Support\nTo determine the top three most probable tags for the given ticket']",Product Support
Inquiry for Comprehensive Marketing Service Details,"Dear Customer Support Team,\n\nI hope this message reaches you well. I am writing to request detailed information about your marketing offerings. Our company is currently considering new marketing approaches to strengthen our brand visibility and boost customer engagement, and we are keen to understand the array of services your team provides.\n\nSpecifically, I would like to learn about the various marketing packages available, including digital marketing solutions such as social media management, email marketing campaigns, and search engine optimization.","Thank you for your interest in our marketing solutions. We offer a variety of digital and traditional marketing packages, including social media management, SEO, email marketing, content development, print advertising, and more. Our pricing is adaptable, allowing us to create customized plans that suit your specific business requirements. We can also provide case studies relevant to your industry upon request. Please share your industry, business objectives, and budget preferences so we can deliver tailored information.",Request,Customer Service,medium,en,51,Marketing,Feedback,Sales,Lead,,,,,"['Marketing', 'Sales and Pre-Sales', 'Technical Support\n\nExplanation: The ticket primarily deals with requesting information about marketing offerings']",Marketing,"['Customer Service', 'Sales and Pre-Sales', 'Product Support\nBased on the provided ticket text:\n\nCustomer Service']",Customer Service
Query About Future Service Disruptions and Maintenance Timelines,"Dear Customer Support Team,\n\nI hope this message finds you well. I am reaching out to request detailed details regarding the schedule and scope of upcoming service disruptions and maintenance activities that could affect access to critical systems, particularly big data repositories, analytical models, and automated investment platforms. Understanding the timing and duration of these events is crucial for us to plan accordingly and minimize potential operational interruptions.\n\nCould you please provide a thorough overview of the planned maintenance?","Thank you for reaching out about the upcoming service disruptions and maintenance schedules. The scheduled outages and maintenance windows in the near future are expected to impact big data lakes, analytical models, and automated investment platforms. Maintenance plans will include advance notifications with detailed information about the timing, affected components, expected downtime, and recommended preparations. For urgent issues during maintenance periods, you may contact our support hotline at <tel_num> to reach the designated support team.",Request,Service Outages and Maintenance,medium,en,51,Disruption,Maintenance,Notification,IT,Tech Support,,,,"['Service Outages and Maintenance', 'Billing and Payments', 'Customer Service\n\nExplanation: The customer is requesting information about upcoming service disruptions and']",Service Outages and Maintenance,"['Service Outages and Maintenance', 'IT Support', 'Product Support\nTo determine the most relevant tags for the given ticket']",Service Outages and Maintenance
Proposal for Upgrades to Big Data Analytics Systems,"Dear Customer Support Team,\n\nI hope this message reaches you well. I am writing to request improvements to our existing big data analytics infrastructure. Our goal is to enhance support for advanced machine learning models developed in Python, enable automated rebalancing of investment portfolios, and customize ESG (Environmental, Social, and Governance) investment strategies tailored specifically for institutional clients.\n\nAt present, our system manages large data sets and aims to incorporate complex machine learning algorithms to deliver real-time analytics efficiently.","Thank you for sharing your upgrade proposals. To provide an accurate timeline for assessment, could you please specify the current setup of your platform and preferred technology stacks? This information will help us evaluate feasibility, required resources, and outline the subsequent steps.",Change,Technical Support,high,en,51,Product,Feature,Feedback,IT,,,,,"['Technical Support', 'Billing and Payments', ""Product Support\n\nExplanation: The ticket mentions enhancements to the company's big data analytics infrastructure""]",Technical Support,"['Product Support', 'IT Support', 'Service Outages and Maintenance\nTo analyze the ticket text and determine the most relevant tags']",Product Support
Guidelines for Incorporating Seagate Expansion Drives,"Dear Customer Support Team,\n\nI hope this message reaches you in good health. I am seeking comprehensive instructions on how to effectively integrate Seagate Expansion Desktop 6TB drives into healthcare storage solutions. My main priority is to guarantee that data management and storage procedures fully adhere to HIPAA and GDPR standards.\n\nCould you please share your suggestions for the best configuration of these drives within a healthcare setting? In particular, I am keen to learn about secure setup options that can assist in maintaining compliance.","Thank you for your query. To provide precise advice, please specify your operating system and storage environment. We recommend implementing hardware encryption, enforcing strict access controls, performing regular firmware updates, and adopting secure backup practices to ensure compliance with HIPAA and GDPR regulations.",Request,Technical Support,high,en,51,Product,Documentation,Security,IT,,,,,"['Technical Support', 'Returns and Exchanges', 'Billing and Payments']",Technical Support,"['Product Support', 'IT Support', 'Customer Service\nTo analyze the ticket text and determine the most relevant tags']",Product Support
Unable to Access Office Applications,"Dear Customer Support,\n\nWe are encountering a problem where employees are unable to open Excel, PowerPoint, and other Office programs on MacBook Air devices, despite having valid licenses. The issue started after a recent macOS update, which we suspect may have caused compatibility problems, possibly due to expired authentication tokens.\n\nTo attempt a fix, we rebooted the laptops, tried repairing Office, and re-entered Microsoft credentials. Regrettably, none of these actions resolved the issue, and the applications still cannot be accessed.\n\nWe would","Thank you for providing a detailed explanation of the issue. To assist you further, please specify any error messages encountered when launching Office applications. Also, verify whether your macOS version is up to date and confirm that the latest versions of Microsoft Office are installed. Since immediate access is critical, we can schedule a call at a convenient time to guide you through advanced troubleshooting steps. Please let us know your availability and any additional information.",Incident,Human Resources,high,en,51,Account,Security,Compatibility,Tech Support,,,,,"['Technical Support', 'Billing and Payments', 'Customer Service']",Technical Support,"['IT Support', 'Service Outages and Maintenance', 'Unclassified']",IT Support
Query,"Dear Customer Support Team,\n\nI hope this message reaches you well. I am reaching out to request detailed billing details and payment options for a QuickBooks Online subscription. Specifically, I am interested in understanding the available plans, their pricing structures, and any tailored options for institutional clients within the financial services industry. It would be helpful to receive documentation on invoicing procedures, payment timelines, discounts, and any special terms applicable to organizations like ours.\n\nAdditionally, please","Thank you for reaching out to us regarding your QuickBooks Online subscription inquiry. We are pleased to assist you with detailed billing information and payment options tailored for institutional clients in the financial services sector. QuickBooks Online offers several subscription tiers with varying features; institutional pricing discounts may also be available based on your organization's size and specific needs. We will send comprehensive documentation covering current plans, pricing details, invoicing processes, payment schedules, and any applicable discounts or special terms.",Request,Billing and Payments,medium,en,51,Billing,Payment,Subscription,Product,Feedback,,,,"['Billing and Payments', 'Technical Support', 'Product Support\n\nExplanation: The customer is requesting information about billing details']",Billing and Payments,"['Billing and Payments', 'Returns and Exchanges', 'Product Support\nTo determine the top three most probable tags for the given ticket']",Billing and Payments
Multiple Device Connection Problems,"Dear Customer Support,\n\nWe are experiencing extensive connectivity problems impacting numerous devices throughout the office. The issues have been observed with headsets, printers, and workstations all at once, significantly disrupting daily activities. Our initial investigation indicates that the cause may be a network outage or a misconfiguration within the system infrastructure.\n\nOur team has already tried several troubleshooting methods, including rebooting affected devices and swapping hardware components, but unfortunately, these efforts did not resolve the disruptions.","Thank you for providing details about the connectivity problems affecting various devices. To assist you further, could you please specify whether the network outage affects both wired and wireless connections, and if any error messages are displayed on the devices? Also, kindly inform us of any recent modifications to your network configuration or infrastructure. If possible, please share relevant network logs or screenshots. We will prioritize your case and, if necessary, arrange a call at your convenience to accelerate the troubleshooting process.",Incident,IT Support,medium,en,51,Network,Disruption,Hardware,Tech Support,,,,,"['Technical Support', 'Billing and Payments', 'Service Outages and Maintenance\n\nExplanation: The customer is reporting a technical issue related to connectivity']",Technical Support,"['Service Outages and Maintenance', 'IT Support', 'Technical Support\nTo determine the top three most probable tags for the given ticket']",Service Outages and Maintenance
Network Connection Problems,"Dear Customer Support Team,\n\nI am reaching out to report persistent issues with network connectivity that are significantly disrupting my workflow. I've observed sporadic interruptions across several devices, which I believe may be caused by a malfunctioning repeater or potential interference from other devices within the network configuration.\n\nIn an attempt to resolve the problem, I have already taken several measures, such as restarting the affected equipment and repositioning the repeater to different locations within the premises. Despite these efforts, the connectivity issues persist.","Thank you for reaching out to us, <name>. We understand the importance of reliable and stable network connectivity. Currently, widespread problems with repeaters and interference in the environment are being reported. To assist you further, could you please specify which devices are impacted, provide details about your network setup, and mention any recent modifications? If possible, kindly share relevant error logs. We are prepared to guide you through advanced troubleshooting procedures.",Incident,Technical Support,medium,en,51,Network,Performance,Disruption,IT,Tech Support,,,,"['Technical Support', 'Billing and Payments', 'Product Support\n\nTechnical Support']",Technical Support,"['Service Outages and Maintenance', 'Technical Support', 'IT Support\nTo determine the top 3 most probable tags for the given ticket']",Service Outages and Maintenance
Verbindungsstörung,"Sehr geehrtes Support-Team,\n\nich möchte ein Verbindungsproblem melden, das meinen Account im Management Hub betrifft. Trotz mehrmaliger Versuche, auf den Hub zuzugreifen, wird die effiziente Verwaltung meines Kontos behindert. Das Problem besteht bereits seit einiger Zeit. Ich habe grundlegende Fehlerbehebungsmaßnahmen wie Neustart des Geräts und Überprüfung der Internetverbindung durchgeführt, jedoch ohne Erfolg. Ich würde eine schnelle Unterstützung bei der Diagnose und Lösung des Problems sehr schätzen, um den vollen Zugriff auf den Management Hub wiederzuerlangen. Bitte informieren Sie mich.","Vielen Dank, dass Sie sich wegen der Verbindungsstörung im Account Management Hub an uns gewandt haben. Ich verstehe, dass ein ununterbrochener Zugriff für Sie essenziell ist, und schätze, dass Sie bereits grundlegende Fehlerbehebungen vorgenommen haben. Könnten Sie uns bitte weitere Details zum Fehler mitteilen? Zum Beispiel, erhalten Sie eine bestimmte Fehlermeldung, oder lädt die Seite einfach nicht? Bitte teilen Sie außerdem mit, welches Browser- oder Gerätetyp Sie verwenden und ob das Problem auf mehreren Geräten oder in verschiedenen Netzwerken auftritt.",Problem,IT Support,high,de,51,Network,Disruption,Connectivity,Tech Support,,,,,"['Technical Support', 'Billing and Payments', 'Sales and Pre-Sales\n\nExplanation: The ticket is about a technical issue with accessing the']",Technical Support,"['Technical Support', 'Returns and Exchanges', 'Service Outages and Maintenance\nTechnical Support']",Technical Support
Audio Hardware Detected,"Dear Customer Support Team,\n\nI am reaching out to request help with a problem I am facing on my PC. Recently, the audio hardware is no longer being recognized by the system. Despite several troubleshooting efforts, such as reconnecting the device, updating the drivers, and restarting the computer, the issue persists. This problem has made the audio output completely unusable, impacting my ability to listen to media and participate in video calls.\n\nI have checked the Device Manager, and the audio hardware appears in the list of devices, with the connections confirmed.","Thank you for reaching out to us, <name>. Since the audio hardware is detected in Device Manager and drivers have been updated and the system restarted, please ensure the device is securely connected and try using a different port or cable. If you have a removable audio card, reseat it if possible. If these steps help, please let us know the specific model of your audio device, whether it is built-in or external, so we can provide more targeted assistance.",Problem,Technical Support,low,en,51,Hardware,Tech Support,Driver,Audio,,,,,"['Technical Support', 'Billing and Payments', 'Customer Service\n\nExplanation: The user is seeking technical assistance for a problem related to their PC']",Technical Support,"['Product Support', 'Technical Support', 'IT Support\nProduct Support']",Product Support
Anfrage zu Sicherheitsvorkehrungen,"Sehr geehrter Kundendienst,\n\nich bitte um umfassende Details zu den Sicherheitsmaßnahmen bei EMR/PACS-Integrationen mit IoT-Medizinprodukten. Besonders wichtig sind mir die Einhaltung von Compliance-Standards, der Schutz der Privatsphäre der Patienten sowie der Datenschutz. Könnten Sie außerdem Einblicke in Ihre 24/7-Incident-Response-Protokolle geben? Ich möchte wissen, wie Ihr Team schnell und effizient auf potenzielle Sicherheitsgefahren reagiert, um die Zuverlässigkeit Ihrer Dienste einschätzen zu können.\n\nBitte fügen Sie auch Zertifizierungen und regulatorische Rahmenwerke bei, die Ihre Lösungen erfüllen, beispielsweise HIPAA oder GDPR. Eine Beschreibung Ihrer Überwachungssysteme und Reaktionsstrategien wäre ebenfalls sehr hilfreich.","Vielen Dank für Ihre Anfrage. Unsere EMR/PACS-Integrationslösungen mit IoT-Medizinprodukten erfüllen alle relevanten Standards wie HIPAA, GDPR sowie ISO 27001. Wir setzen End-to-End-Verschlüsselung, sichere Zugriffskontrollen und eine kontinuierliche Netzwerküberwachung ein. Unser 24/7-Incident-Response-Team folgt klar definierten Eskalationsprotokollen, um Sicherheitsbedrohungen schnell zu erkennen und zu behandeln, wodurch Risiken minimiert werden. Detaillierte Protokolle der Vorfälle werden geführt, und im Falle von Verstößen werden unsere Kunden umgehend benachrichtigt. Falls Sie weitere Informationen oder Dokumentationen zu Zertifizierungen benötigen, teilen Sie uns bitte Ihre genauen Anforderungen mit, wir stellen diese gern bereit.",Request,Returns and Exchanges,low,de,51,Security,Compliance,Data Privacy,Product,IT,Tech Support,,,"['Technical Support', 'Billing and Payments', 'Customer Service\n\nExplanation: The ticket is asking for technical details about security measures']",Technical Support,"['IT Support', 'Service Outages and Maintenance', 'Unclassified']",IT Support
Resolving Bose Headset and QNAP NAS Connection Problems,"Dear Customer Support Team,\n\nI hope this message reaches you in good health. I am seeking help regarding an issue with connecting my Bose headset to my QNAP NAS device. Despite numerous efforts to establish a reliable connection, I am unable to get the headset to function correctly with the NAS, which is causing considerable disruptions to my daily activities.\n\nI have verified that both devices are running the latest firmware and software updates. I also attempted to reconnect and restart the devices multiple times,","Thank you for reaching out. Could you specify whether you are trying to connect the Bose headset to the QNAP NAS via Bluetooth, USB, or another method? This will help us provide more precise assistance.",Incident,Technical Support,medium,en,51,Product,Hardware,Network,Disruption,Support,,,,"['Technical Support', 'Billing and Payments', 'Product Support\n\nExplanation: The user is experiencing technical issues related to their Bose headset and Q']",Technical Support,"['Product Support', 'Technical Support', 'IT Support\nTo determine the top three most probable tags for the given ticket']",Product Support
Intermittent Access Problems on SaaS Platform,"Currently facing sporadic connectivity difficulties with the cloud-native SaaS system. The suspected reason appears to be linked to orchestration resource distribution within Kubernetes-managed microservices. After restarting the affected services and examining deployment logs, the issue continues. Further investigation and escalation are required to resolve this matter swiftly.",We appreciate you bringing this to our attention. We are escalating the issue to the infrastructure team and will share their findings as soon as possible.,Incident,Customer Service,medium,en,51,Network,Performance,Outage,Disruption,Tech Support,,,,"['Technical Support', 'Billing and Payments', 'Service Outages and Maintenance\n\nExplanation: \nThe ticket mentions ""sporadic connectivity difficulties']",Technical Support,"['Service Outages and Maintenance', 'IT Support', 'Unclassified']",Service Outages and Maintenance
Problem with Payment Billing Procedures,"Customer Service, I am reaching out to report an issue with the billing payment process on my account. Recently, there have been inconsistencies in the billed amounts and delays in confirming payments. This problem is causing inconvenience, and I would be grateful for quick support to resolve it. Please inform me if you need further details from my side to examine the matter. Thank you for your understanding and assistance.","Thank you for contacting us about the discrepancies and delays observed in the billing payment process. We apologize for any inconvenience this may have caused. To help us assist you efficiently, could you please provide your account number, along with the specific dates, amounts, and transactions in question? This information will enable us to swiftly investigate and identify the discrepancies. If additional verification is necessary, we might request further details. If you prefer to discuss this over the phone, please let us know a convenient time for a call. We appreciate your cooperation.",Problem,Billing and Payments,medium,en,51,Billing,Payment,Account,Assistance,,,,,"['Billing and Payments', 'Customer Service', 'Technical Support\n\nExplanation: The customer is reporting an issue related to their billing/payment process']",Billing and Payments,"['Billing and Payments', 'Returns and Exchanges', 'Unclassified']",Billing and Payments
Request for CI/CD Pipeline Documentation,"Dear Customer Support Team,\n\nI hope this message finds you well. I am reaching out to request detailed documentation related to the CI/CD pipeline employed in the current project. Comprehensive information on setup procedures, configurations, and best practices would be immensely helpful for our development team to optimize workflows and ensure seamless deployment processes.\n\nIn particular, I am interested in understanding the steps involved in the pipeline, the tools and technologies integrated, as well as recommended guidelines for maintenance and troubleshooting. Additionally, if there are sample configuration templates available, please share those as well.","Thank you for reaching out regarding the CI/CD pipeline documentation. Please provide relevant comprehensive materials. Could you specify the project environment you are referring to? Also, let us know which tools or platforms your team is using, such as Jenkins, GitLab, or others. Once we have this information, we can send detailed documentation covering setup, configuration, best practices, and sample templates. Please inform us of any access requirements or necessary steps. We look forward to your response to proceed further.",Request,Technical Support,low,en,51,Documentation,Feature,IT,Tech Support,,,,,"['Technical Support', 'Billing and Payments', 'Customer Service\n\nExplanation: The customer is requesting technical documentation about their CI/CD pipeline']",Technical Support,"['Product Support', 'Technical Support', 'Service Outages and Maintenance\nTo determine the top three most probable tags for the given ticket']",Product Support
Video Issue with Mini-Projector on Ubuntu,"Dear Customer Support Team,\n\nI am reaching out to report a persistent problem with my Mini-Projector during conference setup. Despite multiple troubleshooting attempts, the device's video output remains unrecognized. I suspect the issue may be related to compatibility problems with the Ubuntu 22.04 LTS operating system.\n\nTo clarify: I have confirmed that both the Mini-Projector system and Ubuntu 22.04 LTS are fully updated with the latest firmware and software. Initially, there was a video output when connecting the device for the conference presentation. However, subsequent attempts have failed to produce the display.\n\nThank you for your assistance in resolving this issue with Ubuntu 22.04 LTS. To help us better assist you, please provide the exact model of your Mini-Projector, the type of connection used (HDMI, USB-C, etc.), and confirm whether the device functions correctly with other operating systems. If possible, kindly include logs or screenshots related to the display issue from your Ubuntu system. This information will help us recommend the most effective solution.","Thank you for contacting us regarding the Mini-Projector issue with Ubuntu 22.04 LTS. To assist you further, please specify the exact model of your Mini-Projector and the connection type (such as HDMI, USB-C, etc.) you are using, and confirm whether the device operates properly with other operating systems. If feasible, kindly send us logs or screenshots related to the display problem on your Ubuntu system. This information will enable us to suggest the most suitable fix.",Incident,Technical Support,high,de,51,Video,Hardware,Performance,Compatibility,Tech Support,,,,"['Technical Support', 'Billing and Payments', 'Sales and Pre-Sales\n\nExplanation: The user is reporting a technical issue with their Mini']",Technical Support,"['Technical Support', 'Returns and Exchanges', 'Product']",Technical Support
Connectivity Problems with Smart Device,"Dear Customer Support Team,\n\nI hope this message finds you well. I am writing to report an ongoing issue with the connection of my smart device within the system. Over the past few days, I have encountered frequent disruptions that have significantly compromised the device's ability to stay connected to the network consistently.\n\nInitially, the device functioned perfectly and integrated smoothly with the system. However, lately, it has been disconnecting sporadically without any clear reason. This connectivity failure is affecting the overall performance and usability of the device.","Thank you for reaching out regarding the connectivity problem with your smart device. To assist you further, could you please provide the device model and serial number, as well as any recent modifications made to the system? If possible, please also share any error messages or logs you have observed. With this information, I can recommend specific troubleshooting steps or arrange a call if necessary. We look forward to resolving this issue quickly for you.",Incident,Customer Service,low,en,51,Network,Disruption,Connectivity,Tech Support,,,,,"['Technical Support', 'Billing and Payments', 'Service Outages and Maintenance\n\nExplanation: The user reports a technical issue related to their smart']",Technical Support,"['Technical Support', 'Service Outages and Maintenance', 'Product Support\nTechnical Support']",Technical Support
Inquiry for Comprehensive Billing Procedure Details,"Dear Customer Support Team,\n\nI hope this message reaches you well. I am reaching out to request detailed information about the billing procedure. The customer wishes to gain a clearer understanding of how billing is managed from beginning to end, including critical dates, charges, accepted payment options, and the handling of adjustments or disputes.\n\nIn particular, I am interested in understanding the timeline of billing cycles, when invoices are issued and sent, and the expected deadlines for payments. Additionally, it would be helpful to know about any penalties for late payments.\n\nThank you for your assistance.","We appreciate your inquiry about the billing process. Invoices are issued at the start of each billing cycle and are sent via email, with payment due within 30 days. Accepted payment methods include credit card, bank transfer, and PayPal. Late payments may attract a fee of 2% per month. For billing errors or disputes, please contact us with supporting information so we can investigate and process any necessary credits or refunds. Feel free to reach out if you need further assistance.",Request,Billing and Payments,low,en,51,Billing,Payment,Dispute,Documentation,,,,,"['Billing and Payments', 'Technical Support', 'Service Outages and Maintenance\n\nExplanation: The ticket primarily requests information on the billing process']",Billing and Payments,"['Billing and Payments', 'Technical Support', '']",Billing and Payments
Urgent: Ongoing System Failures Disrupting EMR/PACS Telehealth Services,"Dear Customer Support Team,\n\nWe are facing repeated system failures that are significantly impairing EMR/PACS integrations as well as telemedicine platforms. Despite our prompt attempts to restart the affected equipment and activate incident response procedures, the problems persist and continue to interfere with essential healthcare functions.\n\nOur preliminary investigations indicate that the underlying issues might be related to hardware malfunctions or possible security breaches. We have taken immediate measures to isolate the affected areas, but the systems are still not stable.","Thank you for reporting these urgent outages. To assist you promptly, could you please provide specific error messages, the names of the impacted systems, and any recent modifications to your environment? For immediate phone support, kindly share a suitable contact number and preferred time for a call.",Incident,Technical Support,high,en,51,Bug,Outage,Disruption,Emergency,Tech Support,,,,"['Technical Support', 'Billing and Payments', 'Service Outages and Maintenance\n\nTechnical Support']",Technical Support,"['Service Outages and Maintenance', 'IT Support', 'Product Support\nTo determine the top three most probable tags for the given ticket']",Service Outages and Maintenance
Multiple Equipment Failures Affecting Operations,"Dear Customer Support Team,\n\nI am urgently reporting a series of severe outages impacting several key devices critical to our operations. These disruptions are severely hindering our ability to maintain normal business activities and demand immediate intervention.\n\nThe affected devices include network switches, corporate laptops, and vital cloud-based software applications. The issues seem to originate from a potential infrastructure fault, and initial troubleshooting has involved hardware resets.","Thank you for reporting these urgent outages, <name>. To assist you swiftly, please provide the serial numbers of the devices, current error messages, recent modifications to your environment, and details of your cloud service accounts. Upon receipt, we will escalate the case and initiate a detailed investigation. If necessary, inform us of a suitable time for a call to discuss further.",Incident,Technical Support,high,en,51,Outage,Disruption,Equipment,Hardware,Tech Support,,,,"['IT Support', 'Billing and Payments', 'Sales and Pre-Sales\n\nExplanation: The ticket is clearly about technical problems with devices affecting']",IT Support,"['IT Support', 'Service Outages and Maintenance', 'Technical Support\nIT Support']",IT Support
Organizational Revision,"Dear Customer Support Team,\n\nI am reaching out to request an update on the structural details of our organization. The current records reflect information about the marketing agency, which has recently experienced several significant changes. To ensure our records accurately depict the current operations, I would appreciate your assistance in updating the information.\n\nFirst, I would like to clarify the refined roles within the various departments of the agency. Each department now has clearly defined responsibilities aimed at enhancing efficiency and accountability. For instance, the Creative Department is now dedicated solely to content creation.","Thank you for informing us about the recent changes in the marketing agency's organizational structure. We appreciate the detailed overview of the updated departmental roles, technology integrations, enhanced client management procedures, and data-driven marketing strategies. To ensure our records are completely accurate, could you please provide official documentation such as organizational charts outlining the new structure? Additionally, if there have been updates regarding key contacts or departmental points of contact, kindly share that information with us.",Change,General Inquiry,medium,en,51,Organization,Feedback,Support,Documentation,,,,,"['Technical Support', 'Billing and Payments', 'Customer Service\n\nExplanation: The ticket primarily deals with customer service inquiries regarding organizational updates and clar']",Technical Support,"['Product Support', 'Service Outages and Maintenance', 'IT Support\nTo determine the most relevant tags for the given ticket']",Product Support
Inquiry for Guidance on Smart Water Leak Detector Sensor Setup,"Dear Customer Support,\n\nI am looking for comprehensive instructions on how to configure and integrate the Smart Water Leak Detectors within a healthcare setting. Specifically, I require details on compliance considerations connected to EMR and PACS systems to guarantee continuous monitoring. Any technical documentation or best practices to facilitate the integration process would be highly valued.\n\nThank you for your assistance.\n\nBest regards,\n[Your Name]","Thank you for your inquiry regarding the integration of Smart Water Leak Detectors within healthcare systems. To provide precise guidance, please specify the particular EMR and PACS platforms involved, as integration procedures can differ. Typically, these sensors utilize standard communication protocols such as MQTT or HTTP, and the technical documentation includes information on relevant API endpoints, data encryption, and security measures to meet regulatory standards. For round-the-clock monitoring, we recommend...",Request,Product Support,high,en,51,Product,Feature,Documentation,Tech Support,,,,,"['Technical Support', 'Billing and Payments', 'Sales and Pre-Sales\n\nExplanation: The ticket is asking for technical guidance on integrating Smart']",Technical Support,"['Product Support', 'Technical Support', 'Service Outages and Maintenance\nTo determine the top 3 most probable tags']",Product Support
SSD-Ausfall,"Sehr geehrter Kundendienst,\n\nich erfahre wiederholte Fehler bei der Datenübertragung mit meiner Crucial MX500 1TB SSD. Das Problem trat kürzlich nach einem Betriebssystem-Update auf und scheint auf Kompatibilitätsprobleme hinzuweisen. Ich habe bereits mehrere Schritte zur Fehlerbehebung unternommen, darunter den Neustart des Computers, ein Firmware-Update der SSD, den Austausch des Datenkabels, doch das Problem besteht weiterhin. Die Übertragung stoppt entweder abrupt, schlägt fehl oder kann nicht erfolgreich abgeschlossen werden. Könnten Sie bitte bei der Diagnose und Lösung des Problems behilflich sein? Eine Anleitung zu empfohlenen Maßnahmen wäre sehr hilfreich.","Vielen Dank, dass Sie sich wegen des Problems mit Ihrer Crucial MX500 SSD an uns gewandt haben. Um Ihnen bestmöglich weiterhelfen zu können, teilen Sie uns bitte die Version Ihres Betriebssystems mit sowie Informationen darüber, ob die SSD intern installiert oder in einem externen Gehäuse verwendet wird. Falls vorhanden, geben Sie bitte auch spezifische Fehlermeldungen an, die bei den fehlgeschlagenen Übertragungen erscheinen. Das erleichtert es uns, gezielte Lösungsschritte zur Fehlerbehebung vorzuschlagen.",Incident,Technical Support,medium,de,51,Hardware,Bug,Performance,Outage,Disruption,,,,"['Technical Support', 'Returns and Exchanges', 'Billing and Payments\n\nTechnical Support']",Technical Support,"['Product Support', 'Technical Support', 'IT Support\nTo determine the top three most probable tags for the given ticket']",Product Support
Request for Integration Assistance,"Dear Customer Support Team,\n\nI hope this message finds you well. I am currently in the process of integrating the Smart-Türklingel video doorbells with Google Nest Wifi Routers into our existing Data Engineering infrastructure. Our objective is to enable secure, real-time analytics and automated monitoring to improve operational efficiency and security.\n\nWe would greatly value comprehensive guidance on the integration process, including suggested APIs, security measures, and configuration options to ensure smooth data transmission.","Thank you for reaching out regarding the integration of Smart-Türklingel video doorbells with Google Nest Wifi Routers into your Data Engineering setup. To provide customized assistance, could you please share details about your data engineering platform, preferred programming language, and whether you need an on-premises or cloud-based integration? Additionally, please inform us of any regulatory compliance requirements. With this information, we can recommend appropriate APIs, security protocols, configuration settings, and tools to facilitate real-time data transfer.",Request,Technical Support,medium,en,51,Feature,Security,IT,Tech Support,,,,,"['Technical Support', 'Billing and Payments', 'Sales and Pre-Sales\n\nExplanation: The customer is seeking technical assistance for integrating their product']",Technical Support,"['Product Support', 'IT Support', 'Service Outages and Maintenance\nTo analyze the ticket text and determine the most relevant tags']",Product Support
Network Connectivity Issues,"Sehr geehrter Support,\n\nich wende mich an Sie, um Probleme mit der Netzwerkverbindung zu melden, die mehrere Geräte unserer Agentur betreffen. Diese Geräte verlieren sporadisch die Verbindung zum Netzwerk, was zu erheblichen Störungen in unseren Arbeitsprozessen führt.\n\nWir vermuten, dass die Ursache in einer Fehlkonfiguration der Aruba 2530 Switches liegt, möglicherweise in Firmware-Konflikten oder beschädigtem Kabelmaterial. Um das Problem zu beheben, haben wir bereits den Switch neu gestartet, die Kabelverbindungen sorgfältig geprüft und die Gerätetreiber der betroffenen Geräte aktualisiert. Trotz dieser Maßnahmen besteht das Problem weiterhin.\n\nAngesichts der kritischen Situation","Vielen Dank, dass Sie die bereits durchgeführten Schritte zur Fehlerbehebung bei den Verbindungsproblemen mit den Aruba 2530 Switches geschildert haben. Um weiterhelfen zu können, bitten wir Sie, die aktuelle Firmware-Version der Switches, Details zu kürzlichen Konfigurationsänderungen sowie die Protokolle der betroffenen Geräte bereitzustellen. Es wäre außerdem hilfreich zu wissen, ob die Verbindungsverluste nur bestimmte Ports oder VLANs betreffen oder den gesamten Switch. Falls Fehlermeldungen oder relevante Einträge in den Switch-Protokollen sichtbar sind, teilen Sie uns diese bitte mit. Sobald wir diese Informationen haben, können wir das Problem genauer analysieren und die nächsten Schritte planen.",Incident,Technical Support,medium,de,51,Network,Connectivity,Disruption,Hardware,Performance,,,,"['Technical Support', 'Billing and Payments', 'Service Outages and Maintenance\n\nExplanation: The ticket is about network connectivity issues affecting multiple devices']",Technical Support,"['Service Outages and Maintenance', 'IT Support', 'Technical Support\nTo determine the most relevant tags for this ticket']",Service Outages and Maintenance
Alert for Unauthorized Entry,"Dear Customer Support,\n\nI have recently been notified of attempts at unauthorized entry into my IoT gadgets. This has raised significant worries about the security of my home network. I would be grateful for immediate help in examining this issue to ensure my devices are fully secured. Please advise on additional security protocols I can implement and keep me informed about any updates related to this problem. Thank you for your swift response to this urgent security matter.\n\nSincerely,\n[Your Name]","We appreciate your reaching out regarding the alert of unauthorized access to your IoT devices. Kindly specify the device models and provide the exact alert details you've received so we can proceed with a thorough investigation. In the meantime, we suggest changing your device passwords, updating their firmware, and enabling two-factor authentication where possible. Feel free to ask for step-by-step guidance on these security measures if needed.",Problem,Customer Service,low,en,51,Security,IT,Tech Support,Alert,,,,,"['Security', 'Technical Support', 'IT Support\n\nExplanation: The ticket is clearly seeking technical assistance regarding security issues with IoT gadgets. It']",Security,"['Security', 'IT Support', 'Customer Service\nTo determine the most relevant tags for this ticket']",Security
Anfrage zur Kompatibilität und Sicherheitsintegration,"Sehr geehrtes Kundensupport-Team,\n\nich hoffe, diese Nachricht erreicht Sie wohlbehalten. Ich möchte detaillierte Informationen bezüglich der Kompatibilität Ihrer Sicherheitsintegrationsprodukte für EMR/PACS- und Telemedizin-Plattformen anfragen. Besonders interessiert mich, inwiefern Ihre Lösungen den wichtigen Gesundheitsvorschriften HIPAA, GDPR sowie ISO 27001 entsprechen. Aufgrund der kritischen Bedeutung des Einsatzes dieser Technologien im Gesundheitswesen ist es unerlässlich, die Einhaltung aller Vorschriften sowie robuste Sicherheitsmaßnahmen zu gewährleisten.\n\nKönnten Sie bitte technische Dokumentationen und Spezifikationen bereitstellen, die die Fähigkeiten Ihrer Produkte in den jeweiligen Bereichen umreißen? Zusätzlich","Vielen Dank für Ihre Anfrage bezüglich der Kompatibilität und Sicherheitsintegration unserer Produkte für EMR/PACS- und Telemedizin-Plattformen. Unsere Lösungen sind so konzipiert, dass sie eine sichere Interoperabilität mit führenden Gesundheitssystemen gewährleisten und den Gesundheitsvorschriften HIPAA, GDPR sowie ISO 27001 entsprechen. Wir verfügen über aktuelle Zertifizierungen und haben alle relevanten Audits erfolgreich abgeschlossen. Gerne senden wir Ihnen technische Dokumentationen, Spezifikationen sowie Best-Practice-Leitfäden zur Compliance und Integration zu. Falls bestimmte Plattformen oder Arbeitsabläufe für Sie relevant sind, lassen Sie es uns bitte wissen, damit wir die passendsten Informationen bereitstellen können.",Request,Sales and Pre-Sales,high,de,51,Security,Tech Support,Product,Feedback,,,,,"['Technical Support', 'Billing and Payments', 'Sales and Pre-Sales\n\nExplanation: The ticket is asking for technical documentation on product capabilities']",Technical Support,"['IT Support', 'Product Support', 'Customer Service\nTo determine the most relevant tags for the given ticket']",IT Support
Mängel im Incident-Response-Prozess,"Sehr geehrtes Support-Team,\n\nich hoffe, diese Nachricht erreicht Sie wohlbehalten. Ich möchte einige Bedenken hinsichtlich der aktuellen Effizienz des Incident-Response-Workflows äußern. Unser Team hat festgestellt, dass der Ablauf zwar grundsätzlich funktioniert, jedoch erwarten wir, dass Verzögerungen bei der Behebung kritischer Probleme die gesamte operative Leistungsfähigkeit beeinträchtigen.\n\nVor allem erscheint der Kommunikationsfluss bei Vorfällen unstrukturiert, was zu Verwirrung führt und die Lösungszeiten verlängert. Zudem fehlt es an einer klaren Priorisierung bei automatisierten Eskalationswegen, was dazu führt, dass wichtige Vorfälle nicht umgehend bearbeitet werden.","Vielen Dank, dass Sie Ihre Bedenken bezüglich der Incident-Response-Prozesse mit uns teilen. Wir verstehen, wie entscheidend eine effiziente Kommunikation und eine klare Priorisierung sind, um Ausfallzeiten zu minimieren und die Servicequalität aufrechtzuerhalten. Um Ihnen weiterhelfen zu können, bitten wir Sie, konkrete Beispiele oder kürzlich aufgetretene Vorfallnummern anzugeben, bei denen Verzögerungen oder Unklarheiten aufgetreten sind. Dies wird uns helfen, mögliche Schwachstellen im Ablauf zu identifizieren. Vorübergehend empfehlen wir die Einführung automatischer Ticketpriorisierung sowie definierter Eskalationspfade auf einer zentralen Kommunikationsplattform, um die Koordination zu verbessern. Wir würden uns freuen, einen Termin mit Ihnen zu vereinbaren.",Problem,IT Support,medium,de,51,Bug,Performance,Disruption,Recovery,IT,Tech Support,,,"['Technical Support', 'Billing and Payments', ""Customer Service\n\nExplanation: The ticket is about concerns regarding the incident response workflow's efficiency""]",Technical Support,"['IT Support', 'Service Outages and Maintenance', 'Technical Support\nTo determine the most relevant tags for this ticket']",IT Support
Investment Inquiry,"Sehr geehrtes Support-Team,\n\nich hoffe, diese Nachricht erreicht Sie wohlbehalten. Ich schreibe, um mich nach individuell zugeschnittenen Anlagestrategien zu erkundigen, die Ihr Unternehmen anbietet. Ich möchte verstehen, wie personalisierte Anlagestrategien funktionieren und welche Optionen zur Verfügung stehen, um verschiedene finanzielle Ziele und Risikotoleranzen zu erfüllen.\n\nKönnten Sie bitte ausführliche Informationen zu den Arten der Strategien bereitstellen, die Sie Investoren mit unterschiedlichen Zielsetzungen empfehlen? Zudem würde ich gern Einblicke erhalten, wie Ihr Team Strategien auf der Grundlage individueller Kundenprofile und aktueller Marktbedingungen entwickelt.","Vielen Dank für Ihre Anfrage bezüglich maßgeschneiderter Anlagestrategien. Unser Ziel ist es, Kunden bei der Optimierung ihrer Portfolios im Einklang mit ihren finanziellen Zielen und Risikobereitschaft zu unterstützen.\n\nUnser Prozess beginnt mit einer umfassenden Beratung, bei der wir Ihre finanzielle Lage, Anlageziele, Risikotoleranz und den gewünschten Zeithorizont verstehen. Anschließend empfehlen wir Strategien, die auf Diversifikation, Wachstums- und Einkommensinvestitionen sowie alternative Vermögenswerte abgestimmt sind, um individuell auf Ihr Profil einzugehen. Beispielsweise könnten konservative Anleger von risikoarmen, stabilen Anlagen profitieren, während risikofreudigere Investoren auf Wachstumschancen setzen können.",Request,Sales and Pre-Sales,low,de,51,Finance,Investment,Strategy,Customer Support,,,,,"['Product Support', 'Technical Support', 'Service Outages and Maintenance\n\nExplanation: The ticket is asking for information about personalized investment strategies offered']",Product Support,"['Customer Service', 'Sales and Pre-Sales', 'IT Support\nTo analyze the ticket text and determine the most relevant tags']",Customer Service
Multiple Product Interruptions Disrupting Services,"Dear Support Team,\n\nWe are currently experiencing several disruptions across our products, which are affecting scanning capabilities, device connections, and access to cloud functionalities. These issues seem to be linked to a failure in the Kubernetes orchestration CI/CD pipeline. We have attempted to resolve the problem by restarting services and redeploying the impacted pods, but the issues continue. We urgently require assistance to identify and address the root cause to restore full service operation.\n\nThank you for your prompt attention to this matter.","Thank you for reaching out regarding the ongoing disruptions affecting scanning, device connectivity, and cloud services. We appreciate the efforts already made in restarting services and redeploying pods. To further assist, could you please share specific error messages, logs from the affected services and pods? Additionally, inform us of the current versions of Kubernetes, CI/CD tools, and related systems in use. If you prefer to discuss this over the phone, please let us know a convenient time.",Incident,Technical Support,high,en,51,Disruption,Service,Product,Network,Cloud,IT,Tech Support,,"['Technical Support', 'Billing and Payments', 'Service Outages and Maintenance\n\nExplanation: The ticket mentions disruptions to products']",Technical Support,"['Service Outages and Maintenance', 'IT Support', 'Technical Support\nTo determine the top 3 most probable tags for the given ticket']",Service Outages and Maintenance
Revise Marketing Firm Framework,"Dear Customer Service Team,\n\nI am reaching out to request modifications to the marketing firm's framework. I wish to incorporate new technologies to broaden our existing offerings, including data-centric analytics, video production, and user experience design. Furthermore, improving account management features is a priority to better assist our clients. Our goal is to adopt growth hacking tactics centered on emerging platforms to remain competitive and innovative. Kindly inform us of the necessary procedures to implement these updates and available support options.","Thank you for your inquiry. Please share the current structure of your agency, your preferred timeline, and any specific steps or support options you require to proceed.",Change,Customer Service,high,en,51,Feedback,Documentation,Product,Technology,,,,,"['[Product Support', 'Service Outages and Maintenance', 'Technical Support]']",[Product Support,"['Product Support', 'Service Outages and Maintenance', 'IT Support\nTo determine the top three most probable tags for the given ticket']",Product Support
Query Regarding Customized Rule-Driven ESG Investment Approaches,"Dear Support Team,\n\nI hope this message reaches you well. I am reaching out to request comprehensive details about customized rule-driven investment methods, with a specific focus on integrating ESG (Environmental, Social, Governance) analytics alongside Python-based machine learning models. Our organization is exploring sophisticated investment solutions tailored for institutional clients and high-net-worth individuals, and we believe your expertise could align well with our strategic objectives.\n\nCould you kindly provide this information?","We appreciate your inquiry about customized rule-driven ESG investment strategies that incorporate Python-based machine learning. Our offerings include a range of solutions tailored for institutional clients and high-net-worth individuals, utilizing advanced ESG analytics and adaptive machine learning models to inform investment decisions. We can supply detailed product descriptions, onboarding procedures, and relevant documentation. Please let us know your preferred contact details and a convenient time for a call. In the meantime, we will share case studies for your review.",Request,Returns and Exchanges,medium,en,51,Feature,Security,IT,Tech Support,,,,,"['[Product Support', 'Technical Support', 'Returns and Exchanges]']",[Product Support,"['Product Support', 'Sales and Pre-Sales', 'Technical Support\nTo determine the most relevant tags for the given ticket']",Product Support
Anfrage zur Rückerstattung,"Sehr geehrtes Support-Team,\n\nich hoffe, diese Nachricht erreicht Sie wohl. Ich schreibe, um mich über den Ablauf der Rückgabe eines Produkts zu informieren, das ich kürzlich erworben habe. Leider hat der Artikel nicht meinen Erwartungen entsprochen aufgrund von Problemen, und ich möchte die notwendigen Schritte verstehen, um eine Rückgabe einzuleiten.\n\nKönnten Sie mir bitte ausführliche Informationen zu Ihrer Rückgaberichtlinie zukommen lassen, inklusive etwaiger Fristen, Voraussetzungen, die das Produkt erfüllen muss, sowie spezielle Dokumente, die im Original verpackten Artikel beizulegen sind? Außerdem wäre ich dankbar für Hinweise zum Rücksendeprozess.","Vielen Dank, dass Sie uns bezüglich der Rücksendung kontaktiert haben. Bitte teilen Sie uns Ihre Bestellnummer und Produktdetails mit, damit wir Ihnen weiterhelfen können. Rücksendungen werden innerhalb von 30 Tagen akzeptiert, vorausgesetzt, der Artikel ist unbenutzt und befindet sich in der Originalverpackung. Legen Sie bitte die Quittung bei und verpacken Sie den Artikel sicher. Die Rücksendekosten trägt der Kunde. Nach Eingang der Rücksendung erfolgt die Rückerstattung oder der Umtausch innerhalb von 5-7 Werktagen. Lassen Sie uns wissen, falls Sie weitere Unterstützung benötigen.",Request,Returns and Exchanges,medium,de,51,Refund,Return,Product,Documentation,,,,,"['Technical Support', 'Billing and Payments', 'Customer Service\n\nExplanation: The email is primarily about customer service regarding a product return process.']",Technical Support,"['Returns and Exchanges', 'Technical Support', 'Service Outages and Maintenance\nTo determine the top three most probable tags for the given']",Returns and Exchanges
